{"description":"This is testing","logo":"knowledge/1600072270457.png","coverImage":"knowledge/cover_default.png","joingType":2,"pendingJoining":[],"rules":["lkljkl"],"likes":[],"disliskes":[],"invitesModerator":["5f103220b0a4417b797aa2cb"],"moderators":["5f29488e1336e8213105abaa","5f1806d6dedb2e42a8a2c92f","5ebcec86f988c84e25ee66da"],"published":true,"isArchived":false,"pendingPosts":[],"pendingEvents":[],"autoPE":false,"totalMembers":5,"_id":"5f5a081c789c3540e311a3d9","name":"Testinggggg","slug":"testinggggg-zavhsg0s7","author":"5ea5bfe037cf27a84f9d8b87","createdAt":"2020-09-10T11:03:56.537Z","updatedAt":"2021-04-28T10:58:56.228Z"}